{
  "intercept": -389.5739950806228,
  "coef": [
    0.007383200923282858,
    68.01629794579699,
    0.5994419789039807,
    -254.94401014520236
  ]
}