{
  "intercept": 61.93148042433981,
  "coef": [
    2.0995041483511428e-05,
    0.5256628732050294,
    -1.4018956341919628e-07,
    5.195211210685951
  ]
}