{
  "intercept": 11.358833755698667,
  "coef": [
    99.39016923681524,
    0.050722498861254225,
    -5.7026036529595405
  ]
}