{
  "intercept": 3.3550036829817067,
  "coef": [
    49.611012562527236,
    0.010232994439372381,
    -1.488849150552126
  ]
}