{
  "intercept": 13.933957877106625,
  "coef": [
    5.003946978042345,
    -1.5370151049071258e-05,
    70.05962831903628,
    0.00019361925895387502
  ]
}