{
  "intercept": 0.13717331417342435,
  "coef": [
    1.5285327633041856,
    0.015455117500594032,
    25.53877114964684,
    -1.3101030113608647e-05
  ]
}